applicationNumber,filingDate,publicationDate,ipc
90/KOL/2007 A,2007-01-24,2008-08-29,F04B 39/00
924/KOL/2006 A,2006-09-12,2008-04-11,B01J 27/04
307/KOL/2007 A,2007-03-01,2008-10-03,B03B 13/00
01161/KOL/2005 A,2005-12-19,2008-02-22,G01N 27/30
759/KOL/2007 A,2007-05-16,2008-11-28,G07C 3/00
72/KOL/2007 A,2007-01-19,2008-08-29,H02K 29/00
591/KOL/2007 A,2007-04-16,2008-11-07,C22B 1/16
534/KOL/2007 A,2007-04-02,2008-10-17,C21D 9/46
306/KOL/2007 A,2007-03-01,2008-10-03,"B03C 1/23, B03C 1/02"
386/KOL/2006 A,2006-04-28,2009-04-03,G06F 19/00
436/KOL/2006 A,2006-05-11,2009-04-10,B22D 29/02
1207/KOL/2006 A,2006-11-13,2009-06-19,F28F 1/40
1072/KOL/2007 A,2007-08-01,2009-04-10,"C10L 5/00, C10G 1/00"
368/KOL/2005 A,2005-04-29,2009-10-16,C21B 13/00
960/KOL/2007 A,2007-07-04,2009-04-03,C21D 8/00
1266/KOL/2007 A,2007-09-07,2009-07-03,C10B 57/00
1003/KOL/2007 A,2007-07-16,2009-04-03,C21D 1/76
164/KOL/2009 A,2009-01-29,2010-08-06,C21C 5/28
1141/KOL/2008 A,2008-08-30,2010-03-05,B02C 23/22
1779/KOL/2008 A,2008-10-21,2010-04-30,"G01L 5/10, G01L 1/26, F16H 7/12, G01L 1/22"
2164/KOL/2008 A,2008-12-17,2010-06-18,B03C 3/00
966/KOL/2009 A,2009-07-13,2011-01-21,B23K 28/00
515/KOL/2009 A,2009-03-23,2011-01-21,G01N 21/00
573/KOL/2009 A,2009-03-31,2011-08-26,B21C 37/20
440/KOL/2009 A,2009-03-12,2011-01-21,"B24B 27/033, C21D 9/46"
329/KOL/2010 A,2010-03-26,2012-11-02,B21B 39/00
1395/KOL/2009 A,2009-11-27,2012-10-19,C04B 28/02
740/KOL/2011 A,2011-05-31,2012-12-07,C10G 45/02
360/KOL/2011 A,2011-03-18,2012-11-02,A61L 27/12
172/KOL/2010 A,2010-02-23,2012-10-26,C21C 7/10
705/KOL/2011 A,2011-05-23,2012-11-23,F16G 1
523/KOL/2011 A,2011-04-11,2012-11-16,H01M 4/90
1372/KOL/2009 A,2009-11-20,2012-10-19,C10B 57/04
1368/KOL/2009 A,2009-11-18,2012-10-19,B03B 13/00
1624/CHENP/2012 A,2012-02-22,2013-04-05,C21D 1/34
886/KOL/2011 A,2011-07-01,2013-01-04,C21D 8/02
1243/KOL/2011 A,2011-09-23,2013-03-29,C21B 13/08
385/KOL/2012 A,2012-04-02,2013-10-11,B22D
538/KOL/2012 A,2012-05-14,2013-11-15,C23C
884/KOL/2011 A,2011-07-01,2013-01-04,B05D 3/10
600/KOL/2012 A,2012-05-25,2013-11-29,B23P
1396/KOL/2011 A,2011-11-01,2013-05-03,B21B 37/74
1356/KOL/2011 A,2011-10-21,2013-04-26,B23K 11/11
1801/CHENP/2012 A,2012-02-27,2013-04-05,C21C 7/00
337/KOL/2012 A,2012-03-28,2013-10-11,B22D 41/50
1393/KOL/2012 A,2012-12-07,2014-06-13,C09K
133/KOL/2013 A,2013-02-04,2014-08-08,F01D 5/04
43/KOL/2013 A,2013-01-14,2014-07-18,C21B
6476/CHENP/2012 A,2012-07-23,2014-01-10,"C21D 1/26, C21D 9/46, C21D 9/52"
291/KOL/2013 A,2013-03-14,2014-09-26,C22B 34/32
849/KOL/2007 A,2007-06-05,2009-04-03,H02J 7/00
332/KOL/2013 A,2013-03-22,2014-09-26,C22B 15/00
7664/CHENP/2012 A,2012-09-05,2014-01-10,"H01L 31/052, H01L 51/44"
433/KOL/2013 A,2013-04-18,2014-10-24,B22D 11/00
417/KOL/2013 A,2013-04-16,2014-10-17,C01B 31/00
398/KOL/2006 A,2006-05-02,2008-05-16,C21C 5/30
417/KOL/2014 A,2014-03-31,2015-10-02,A61K 9/00
193/KOL/2014 A,2014-02-17,2015-08-21,C04B 35/00
1339/KOL/2009 A,2009-11-13,2015-07-24,C21D 8/06
1449/KOL/2013 A,2013-12-24,2015-07-10,B01J 19/00
1135/KOL/2013 A,2013-10-01,2015-04-10,C23C 22/00
546/KOL/2010 A,2010-05-18,2015-07-24,E21B 1/26
307/KOL/2015 A,2015-03-23,2016-09-30,C22B 1/24
29/KOL/2012 A,2012-01-11,2016-08-26,B03D 1/016
810/KOL/2014 A,2014-07-30,2016-02-05,B21B 21/00
201647002197 A,2016-01-21,2016-07-08,B62M 6/00
5897/CHENP/2013 A,2013-07-22,2016-06-17,"E04C 2/292, E04C 2/52, F24J 2/04"
665/KOL/2011 A,2011-05-16,2016-08-26,F27D 21/00
364/KOL/2012 A,2012-03-30,2016-08-26,C21B 3/06
3515/CHENP/2013 A,2013-05-03,2016-06-10,"C21D 8/04, C21D 9/48, B32B 15/01"
7958/CHENP/2012 A,2012-09-14,2016-04-15,"C21D 1/673, C21D 1/68, C21D 8/02"
229/KOL/2015 A,2015-03-03,2016-09-09,B01J 23/26
284/KOL/2014 A,2014-03-12,2016-08-26,C22B 1/00
3610/CHENP/2013 A,2013-05-07,2016-06-10,"C21D 9/46, C22C 38/02, C22C 38/04"
647/KOL/2009 A,2009-04-21,2016-09-02,C21B
1220/KOL/2014 A,2014-11-24,2016-08-26,C21B 13/00
6831/CHENP/2014 A,2014-09-16,2016-07-01,"C22C 38/00, C22C 38/04, C22C 38/06"
52/KOL/2015 A,2015-01-14,2016-08-26,C22C 22/00
3477/CHENP/2015 A,2015-06-16,2016-07-01,"C25D 3/06, C25D 5/48, C25D 7/06"
531/KOL/2010 A,2010-05-14,2016-09-02,G01N 2203/0014
6273/CHENP/2014 A,2014-08-20,2016-07-01,"C22C 38/04, C21D 6/00, C21D 9/04"
201647012078 A,2016-04-06,2016-07-08,"B32B 7/02, B32B 15/14, B32B 15/18"
708/CHENP/2015 A,2015-02-04,2016-07-01,H01P
37/KOL/2012 A,2012-01-16,2016-08-26,B22D 11/10
695/KOL/2010 A,2010-06-28,2016-09-02,C22B 1/243
201631015356 A,2016-05-03,2017-11-10,G03F 7/00
201631004217 A,2016-02-05,2017-11-10,C21D 6/00
201631010477 A,2016-03-28,2017-11-10,C21B 11/10
1212/KOL/2015 A,2015-11-26,2017-10-20,C21C 5/28
201631007478 A,2016-03-03,2017-11-10,B22D 18/02
201631008798 A,2016-03-14,2017-11-10,B02C 19/00
201631011055 A,2016-03-30,2017-11-10,F27B
293/KOL/2009 A,2009-02-16,2017-01-13,B82Y 30/00
296/KOL/2015 A,2015-03-19,2017-10-20,B62D 25/04
201631007470 A,2016-03-03,2017-11-10,C02F 3/00
201731011140 A,2017-03-29,2018-10-05,B22D 11/16
201731045065 A,2017-12-14,2018-01-12,B21K 1/00
201731009556 A,2017-03-20,2018-09-28,"H05B 6/02, H05B 6/36"
201631031444 A,2016-09-15,2018-03-16,"C21B 7/00, C21B 5/00, C21B 13/00"
201731010244 A,2017-03-23,2018-09-28,C22B 1/00
201731008474 A,2017-03-10,2018-09-14,"C22C 33/00, C22C 45/00, C22C 45/02, G21F 1/08"
201731007002 A,2017-02-28,2018-08-31,"F16L 21/00, F16L 25/00, H02G 3/00"
201731000197 A,2017-01-03,2018-07-06,B22D 11/04
201631034260 A,2016-10-06,2018-04-13,"B04C 5/00, B04C 3/00, B03B 5/00"
201847044561 A,2018-11-27,2018-12-14,"C23C 14/16, C23C 14/24, H02K 44/02"
201631034554 A,2016-10-08,2018-04-13,"G01N 29/00, G01S 15/00"
201731039496 A,2017-11-06,2019-05-10,C10G 55/00
201831008701 A,2018-03-09,2019-09-13,C01B 32/336
201731029652 A,2017-08-22,2019-03-01,C21C 5/56
201831004754 A,2018-02-08,2019-08-09,"C04B 5/00, C21C 5/36, F27D 15/00"
201831009715 A,2018-03-16,2019-09-20,B08B 15/02
201947036875 A,2019-09-13,2019-09-20,G01N 1/22
201831020248 A,2018-05-30,2019-12-06,B03D 01012
201731044781 A,2017-12-13,2019-06-14,C22B 5/00
201831003638 A,2018-01-31,2019-08-02,C22B 1/16
201831015697 A,2018-04-25,2019-10-25,"C22B 1/14, C22B 1/242, C22B 1/244"
201831009521 A,2018-03-15,2019-09-20,"C25D 5/10, C25D 5/26"
201947022648 A,2019-06-07,2019-06-14,"C25D 3/06, C25D 5/36, C25D 7/06"
201831010585 A,2018-03-22,2019-09-27,F16B 1/00
201831006724 A,2018-02-22,2019-08-23,G01N 15/00
201831023206 A,2018-06-21,2019-12-27,H01L 35300
201831001743 A,2018-01-16,2019-07-19,B21B 1/28
201731042939 A,2017-11-30,2019-05-31,C10C 3/00
201831012060 A,2018-03-30,2019-10-04,G01H 1/00
00618/CAL/2002 A,2002-10-30,2008-05-09,B21B 37/00
994/KOL/2006 A,2006-09-27,2008-04-11,G01D 3/00
419/KOL/2007 A,2007-03-19,2008-10-03,B21B 3/00
621/KOL/2007 A,2007-04-20,2008-11-07,B02C 23/20
622/KOL/2008 A,2008-03-28,2009-10-02,C22C 38/20
00453/KOL/2005 A,2005-05-30,2009-03-13,H01M 2/04
701/KOL/2006 A,2006-07-13,2009-04-10,F23N 5/00
105/KOL/2006 A,2006-02-03,2009-06-19,F01K 25/08
511/KOL/2006 A,2006-05-30,2009-10-16,H02J 9/06
101/KOL/2006 A,2006-02-01,2009-06-19,"B01J 8/00, C10L 1/32"
934/KOL/2008 A,2008-05-23,2009-11-27,"C01B 1/02, C01B 7/18, C01B 7/14"
719/KOL/2007 A,2007-05-09,2009-06-19,F28F 1/40
1272/KOL/2007 A,2007-09-11,2009-07-03,"C22C 33/00, C22C 33/00"
1446/KOL/2007 A,2007-10-23,2009-05-08,G01N 29/28
740/KOL/2008 A,2008-04-17,2009-10-23,C09K 5/08
00155/KOL/2005 A,2005-03-11,2009-03-06,???:[;G01R 19/00]
1175/KOL/2008 A,2008-07-07,2010-01-15,B32B 15/04
1157/KOL/2007 A,2007-08-22,2010-04-30,C22B 1/14
1499/KOL/2008 A,2008-09-01,2010-03-05,"B01F 5/02, B01F 5/06"
1546/KOL/2008 A,2008-09-08,2010-03-12,"C22B 60/02, C22B 60/00"
1660/KOL/2008 A,2008-09-25,2010-04-02,"C21D 802, C21D 810"
1632/KOL/2008 A,2008-09-23,2010-03-26,"C02F 1/70, A62D 3/30"
1236/KOL/2008 A,2008-07-18,2010-01-22,C23C 28/00
869/KOL/2009 A,2009-06-16,2010-12-17,C22C 1/00
404/KOL/2009 A,2009-03-04,2010-04-02,B65G 39/00
1981/KOL/2008 A,2008-11-07,2010-05-14,C10G 1/04
2208/KOL/2008 A,2008-12-23,2010-06-25,C08L 21/00
15/KOL/2010 A,2010-01-08,2012-10-19,C22B 21/04
773/KOL/2011 A,2011-06-07,2012-12-14,G08B 21/02
1194/KOL/2009 A,2009-09-23,2012-10-19,C10L 9/10
736/KOL/2011 A,2011-05-30,2012-12-07,C21D 9/46
361/KOL/2011 A,2011-03-18,2012-11-02,C22B 1/243
757/KOL/2011 A,2011-06-03,2012-12-07,C10B 3/00
227/KOL/2011 A,2011-02-23,2012-11-02,B22D 39/04
68/KOL/2012 A,2012-01-24,2013-07-26,C08F 2/16
345/KOL/2012 A,2012-03-28,2013-10-11,C10L 5/00
951/KOL/2011 A,2011-07-18,2013-01-18,H01M 10/052
1423/KOL/2011 A,2011-11-04,2013-05-10,C21D 1/26
316/KOL/2012 A,2012-03-21,2013-09-27,C22C 38/00
67/KOL/2012 A,2012-01-24,2013-07-26,C21B 5/00
3533/CHENP/2012 A,2012-04-19,2013-08-02,C08G 73/10
303/KOL/2012 A,2012-03-19,2013-09-20,F01P 11/16
536/KOL/2009 A,2009-03-25,2013-07-12,C02F 1/68
196/KOL/2012 A,2012-02-27,2013-08-30,C22C 38/00
99/KOL/2013 A,2013-01-28,2014-08-01,C01B
1190/KOL/2012 A,2012-10-18,2014-04-25,C21B 13/00
351/KOL/2013 A,2013-03-28,2014-10-03,B22D
6016/CHENP/2012 A,2012-07-09,2014-03-21,"C09D 5/38, C09D 183/04, B05D 3/02"
5836/CHENP/2013 A,2013-07-19,2014-09-26,"B21D 53/26, B21D 53/30, B60B 3/08"
53/KOL/2013 A,2013-01-16,2014-07-18,C21B
314/KOL/2013 A,2013-03-19,2014-09-26,C22B
5373/CHENP/2012 A,2012-06-20,2014-02-28,C21D 8/12
1472/KOL/2012 A,2012-12-28,2014-07-04,E21B 17/00
286/KOL/2013 A,2013-03-13,2014-09-26,C02F
313/KOL/2013 A,2013-03-19,2014-09-26,C22B
1185/KOL/2012 A,2012-10-12,2014-04-18,C22B 3/02
1407/KOL/2013 A,2013-12-13,2015-07-10,C23C 2/00
1395/KOL/2008 A,2008-08-19,2015-08-14,C21C 5/00
762/CHENP/2014 A,2014-01-30,2015-04-03,"C09D 5/08, C09D 179/08"
1321/KOL/2013 A,2013-11-22,2015-05-29,G01N 29/00
627/KOL/2009 A,2009-04-17,2015-08-14,C22B 1/00
1465/KOL/2013 A,2013-12-30,2015-07-10,C21B 5/00
336/KOL/2014 A,2014-03-18,2015-09-25,B07B 1/00
408/KOL/2014 A,2014-03-28,2015-10-02,G01N 21/00
1463/KOL/2013 A,2013-12-30,2015-07-10,C22B 1/00
879/KOL/2013 A,2013-07-23,2015-01-30,C22B 34/00
13/KOL/2014 A,2014-01-03,2015-07-10,B65G 21/00
482/KOL/2014 A,2014-04-23,2015-10-30,F27D 1/00
671/KOL/2009 A,2009-04-27,2015-08-14,C01B 11/14
610/KOL/2009 A,2009-04-09,2015-08-14,C23C 2/04
316/KOL/2014 A,2014-03-14,2015-09-25,C04B 35/00
1002/KOL/2011 A,2011-07-27,2016-07-22,B22F 9/24
704/KOL/2014 A,2014-06-27,2016-01-01,B22D 11/00
630/KOL/2014 A,2014-06-10,2016-08-26,B65H 3/00
971/KOL/2014 A,2014-09-22,2016-04-01,B03B 9/00
925/KOL/2014 A,2014-09-10,2016-03-11,"B03C 1/015, B03C 1/02, C22B 1/02"
888/CHENP/2014 A,2014-02-04,2016-07-01,"C23C 2/26, C09D 5/08"
602/KOL/2010 A,2010-06-02,2016-09-02,B32B 15/01
837/KOL/2010 A,2010-07-29,2016-09-02,C23C 2/00
1369/KOL/2014 A,2014-12-31,2016-07-22,E04B 2/56
181/KOL/2011 A,2011-02-11,2016-09-02,C23C 28/00
826/KOL/2014 A,2014-08-04,2016-02-12,E04C 5/07
201647032472 A,2016-09-23,2016-11-11,"C09D 183/04, C09D 183/06, C09D 183/08"
134/KOL/2015 A,2015-02-04,2016-08-26,C22C 38/00
1038/CHENP/2015 A,2015-02-23,2016-07-01,"C21D 8/02, C22C 38/00, C22C 38/06"
5572/CHENP/2014 A,2014-07-18,2016-07-01,"C23C 14/16, C23C 14/02"
456/KOL/2012 A,2012-10-24,2016-08-26,C10L 9/00
605/KOL/2012 A,2012-11-25,2016-08-26,"G05B 19/00, G05B 15/00, G05B 17/00"
2105/DELNP/2013 A,2013-03-08,2016-04-01,C22C 38/00
1314/CHENP/2014 A,2014-02-19,2016-07-01,"G01F 23/24, C21C 5/46, G01F 23/04"
8828/CHENP/2013 A,2013-11-04,2016-06-24,B32B 15/04
201647012967 A,2016-04-13,2016-08-05,"B21D 37/16, C21D 8/02, C21D 9/46"
667/KOL/2011 A,2011-05-16,2016-08-26,H05H 1/40
1192/KOL/2014 A,2014-11-18,2016-08-26,C04B 5/00
604/KOL/2012 A,2012-05-25,2016-08-26,C23C 4/00
366/KOL/2012 A,2012-03-30,2016-08-26,B23K 20/12
201631008225 A,2016-03-09,2017-11-10,G08B 21/18
201631009582 A,2016-03-18,2017-11-10,B22D 11/10
1022/KOL/2015 A,2015-09-28,2017-10-13,B65G 49/00
201631009707 A,2016-03-21,2017-11-10,C21D 9/56
201631008774 A,2016-03-14,2017-11-10,C02F 1/22
354/KOL/2015 A,2015-03-30,2017-10-13,C10L 5/04
202/KOL/2015 A,2015-02-24,2017-10-20,C22B 1/00
201631001878 A,2016-01-19,2017-11-10,C21C 5/52
272/KOL/2015 A,2015-03-12,2017-10-20,B22D 11/00
215/KOL/2015 A,2015-02-27,2017-10-20,B82B 1/00
201631009998 A,2016-03-22,2017-11-10,C22B 1/00
201631008793 A,2016-03-14,2017-11-10,C22C 38/00
201631009996 A,2016-03-22,2017-11-10,B07B 1/04
201631008249 A,2016-03-09,2017-11-10,C21C 7/00
201631010529 A,2016-03-28,2017-11-10,C21B 13/00
201631002871 A,2016-01-27,2017-07-28,C07B 37/08
231/KOL/2015 A,2015-03-03,2017-10-20,C21D 8/02
201631010025 A,2016-03-22,2017-11-10,F16L 11/08
201631005833 A,2016-02-19,2017-11-10,C10B 1/04
201731004450 A,2017-02-07,2018-08-10,"C21D 1/00, C21D 1/34, C21D 9/54"
201631031303 A,2016-09-14,2018-03-16,"C02F 1/00, B01J 20/00, C02F 9/00"
201631042448 A,2016-12-13,2018-06-15,"C21B 7/14, F27D 3/14"
201731004831 A,2017-02-10,2018-08-17,"C21C 5/52, C22B 9/18, B22D 11/10"
201631039505 A,2016-11-19,2018-05-25,C10B 57/00
201731015954 A,2017-05-05,2018-11-09,E05F 11/00
201721000689 A,2017-01-06,2018-07-13,"C09D 5/00, C08K 3/00"
201631031494 A,2016-09-15,2018-03-16,"C21B 7/00, C21B 5/00, C21B 13/00"
201631044747 A,2016-12-29,2018-07-06,"G01R 31/00, G01N 3/00, G01N 33/00"
201847025653 A,2018-07-10,2018-07-20,"B32B 15/01, C21D 6/00, C21D 8/02"
201631041681 A,2016-12-06,2018-06-08,"B22D 11/00, C21D 8/00"
201631040521 A,2016-11-28,2018-06-01,"C22B 1/00, C10L 5/00"
201731010924 A,2017-03-28,2018-10-05,C04B 24/10
201731009408 A,2017-03-17,2018-09-21,"E04C 5/03, B32B 15/18"
201731011717 A,2017-03-31,2018-10-05,B01D 21/00
201731009487 A,2017-03-18,2018-09-21,B01J 2/00
201631036879 A,2016-10-27,2018-05-04,B22D 11/00
201731035223 A,2017-10-04,2019-04-05,C23C 10/34
201831010749 A,2018-03-23,2019-09-27,C21B 3/08
201731042411 A,2017-11-27,2019-05-31,F16N 19/00
201947038244 A,2019-09-23,2019-10-04,"C23C 2/12, C23C 2/28, C23C 2/40"
201831005223 A,2018-02-12,2019-08-16,C23C 28/00
201831004075 A,2018-02-02,2019-08-09,C07D 487/00
201831012258 A,2018-03-31,2019-10-04,B23K 11/00
201947046526 A,2019-11-15,2019-11-22,"C21D 8/02, C21D 9/48, C21D 1/20"
201831012302 A,2018-03-31,2019-10-04,B21C 37/00
201831009546 A,2018-03-15,2019-09-20,C21C 5/52
201831007906 A,2018-03-03,2019-09-06,"B02C 1/14, B02C 23/08, B02C 25/00"
201831007360 A,2018-02-27,2019-08-30,C01G 45/00
201831012470 A,2018-04-02,2019-10-11,B01D 29/01
967/KOL/2006 A,2006-09-25,2008-04-11,B21D 1/00
570/KOL/2007 A,2007-04-11,2008-10-17,B22D 11/00
959/KOL/2006 A,2006-09-20,2008-04-11,C21B 5/00
00037/KOL/2005 A,2005-01-25,2008-05-16,C23C 22/42
237/KOL/2007 A,2007-02-15,2008-08-29,G01N 11/00
803/KOL/2007 A,2007-05-24,2008-12-05,C01B 3/56
427/KOL/2007 A,2007-03-20,2008-10-03,B09B 3/00
453/KOL/2007 A,2007-03-22,2008-10-03,"C21C 7/00, C21D 8/12"
71/KOL/2007 A,2007-01-19,2008-08-29,G01M 7/00
894/KOL/2006 A,2006-09-05,2009-06-19,F04D 31/00
1134/KOL/2007 A,2007-08-16,2009-04-03,F24B 15/02
523/KOL/2008 A,2008-03-14,2009-09-18,"C09D 5/08, C23C 22/68"
106/KOL/2008 A,2008-01-15,2009-07-31,G01N 29/00
331/KOL/2006 A,2006-04-13,2009-04-10,G01B 7/16
485/KOL/2006 A,2006-05-23,2009-04-10,C08L 17/00
967/KOL/2007 A,2007-07-06,2009-04-03,C22B 1/00
1322/KOL/2006 A,2006-12-08,2009-04-10,F16J 15/18
377/KOL/2007 A,2007-03-14,2009-06-19,B23P 3/00
958/KOL/2007 A,2007-07-03,2009-04-03,C21D 8/00
975/KOL/2007 A,2007-07-09,2009-04-10,G01N 3/48
907/KOL/2006 A,2006-09-07,2009-10-16,B03D
233/KOL/2006 A,2006-03-20,2009-06-19,C21C 5/52
726/KOL/2008 A,2008-04-16,2009-10-23,"B03C 1/00, C22B 1/00"
1295/KOL/2006 A,2006-11-29,2009-04-10,G05B 1/00
1391/KOL/2008 A,2008-08-18,2010-02-26,G01N 27/403
246/KOL/2009 A,2009-02-11,2010-08-20,"B32B 5/26, B32B 25/10"
1128/KOL/2008 A,2008-06-27,2010-04-02,"C21D 8/12, C22C 38/00"
1364/KOL/2008 A,2008-08-13,2010-02-19,C21B 7/24
1560/KOL/2008 A,2008-09-09,2010-03-12,"C04B 20/10, C04B 14/38, C04B 20/00"
306/KOL/2009 A,2009-02-18,2010-08-27,C23F 11/00
967/KOL/2009 A,2009-07-13,2011-01-21,B03B 5/00
231/KOL/2011 A,2011-02-23,2012-11-02,C23C 2
1108/KOL/2009 A,2009-08-31,2012-10-12,B60T 11/10
73/KOL/2010 A,2010-01-28,2012-11-16,B22D 11/05
1177/KOL/2010 A,2010-10-25,2012-10-19,C22B 19/00
191/KOL/2011 A,2011-02-15,2012-10-26,B01J 7/00
691/KOL/2011 A,2011-05-19,2012-11-23,F16G 1
1453/KOL/2010 A,2010-12-23,2012-10-19,C02F 1/52
302/KOL/2011 A,2011-03-08,2012-11-02,B01D 61
1519/KOL/2011 A,2011-12-02,2012-12-07,C09D 201
1253/KOL/2010 A,2010-11-08,2012-10-19,C25D 5/00
766/KOL/2010 A,2010-07-15,2012-11-16,B60B 33/04
6100/CHENP/2011 A,2011-08-25,2012-11-23,F24D 5/00
2331/KOLNP/2013 A,2013-07-22,2013-11-22,"C21D 8/00, C22C 38/18, C22C 38/38"
74/KOL/2012 A,2012-01-25,2013-07-26,B22D 11/00
352/KOL/2012 A,2012-03-29,2013-10-11,C04B 7/26
212/KOL/2012 A,2012-03-01,2013-09-06,C23C 2/06
367/KOL/2012 A,2012-03-30,2013-10-11,C21D 6/00
1418/KOL/2011 A,2011-11-03,2013-05-10,C23C 22/07
599/KOL/2012 A,2012-05-25,2013-11-29,D21C
418/KOL/2012 A,2012-04-11,2013-10-18,B29C
311/KOL/2013 A,2013-03-18,2014-09-26,C22C
462/KOL/2013 A,2013-04-25,2014-10-31,B61F 15/00
257/KOL/2013 A,2013-03-06,2014-09-12,H02P 21/00
399/KOL/2006 A,2006-05-02,2008-05-16,H01F 1/00
1401/KOL/2012 A,2012-12-13,2014-06-20,C23C
1082/KOL/2012 A,2012-09-21,2014-03-28,C01G 49/00
802/KOL/2007 A,2007-05-24,2009-04-03,C22B 34/00
1328/KOL/2012 A,2012-11-19,2014-05-23,C09D 5/08
7003/CHENP/2013 A,2013-08-30,2014-08-01,"C21D 8/02, C21D 9/46, C22C 38/04"
281/KOL/2013 A,2013-03-12,2014-09-26,C23C
621/KOL/2013 A,2013-05-28,2014-12-05,B03B 1/00
396/KOL/2014 A,2014-03-26,2015-10-02,G01N 33/00
60/KOL/2010 A,2010-01-25,2015-07-24,C21D 1/04
702/KOL/2009 A,2009-05-05,2015-07-24,B01J 20/04
656/KOL/2009 A,2009-04-23,2015-08-14,B60B 33/00
1356/KOL/2013 A,2013-11-29,2015-06-05,G01N 29/00
395/KOL/2014 A,2014-03-26,2015-10-02,C22B 1/00
866/KOL/2013 A,2013-07-22,2015-01-30,C10B 57/00
1467/KOL/2013 A,2013-12-30,2015-07-10,B22D 41/00
517/KOL/2014 A,2014-05-06,2015-11-13,F16B 5/00
877/KOL/2009 A,2009-06-17,2015-04-24,C21D 8/02
1409/KOL/2013 A,2013-12-13,2015-07-10,F27B 9/00
1362/KOL/2013 A,2013-12-02,2015-06-05,C01B 7/00
1411/KOL/2013 A,2013-12-13,2015-07-10,C21D 1/00
2734/CHENP/2014 A,2014-04-10,2015-07-03,"C21D 1/20, C21D 9/46, C22C 38/04"
1431/KOL/2013 A,2013-12-18,2015-07-10,C07C 13/00
1345/KOL/2013 A,2013-11-28,2015-06-05,B03D 1/018
1090/KOL/2009 A,2009-08-24,2015-08-14,B01D 63/16
835/KOL/2014 A,2014-08-08,2016-02-12,C22B 3/00
315/KOL/2012 A,2012-03-21,2016-08-26,A61B 8/00
670/KOL/2010 A,2010-06-23,2016-09-02,C01F 7/00
7967/CHENP/2014 A,2014-10-30,2016-07-01,"C23C 2/06, C22C 38/00, C22C 38/02"
7009/CHENP/2014 A,2014-09-23,2016-07-01,"C21D 1/68, C21D 1/70, C21D 8/02"
1696/CHENP/2015 A,2015-03-24,2016-07-01,"C23C 2/02, C23C 2/06, C23C 2/26"
5486/CHENP/2007 A,2007-11-29,2016-04-08,C23C 14/24
694/KOL/2009 A,2009-05-04,2016-09-02,B22D 11/00
33/KOL/2012 A,2012-01-13,2016-08-26,G06K 7/10
8724/CHENP/2014 A,2014-12-02,2016-07-01,C22C 38/00
7968/CHENP/2014 A,2014-10-30,2016-07-01,"C23C 2/06, C22C 38/00, C22C 38/02"
201647018937 A,2016-06-02,2016-08-31,"C23C 14/24, B01D 1/00"
1077/KOL/2014 A,2014-10-22,2016-04-29,B03D 1/018
559/KOL/2014 A,2014-05-20,2016-08-26,C01G 49/00
182/KOL/2013 A,2013-02-18,2016-08-26,C21B 13/00
5452/CHENP/2014 A,2014-07-15,2016-03-04,"C21B 13/00, C21B 13/14, C21C 5/56"
2333/CHENP/2013 A,2013-03-25,2016-06-03,"C21D 8/04, C21D 9/46, C22C 38/02"
11/KOL/2012 A,2012-01-04,2016-08-26,C22B 11/06
7865/CHENP/2014 A,2014-10-27,2016-07-01,"C25D 5/48, C25D 5/50, C25D 5/12"
826/KOL/2011 A,2011-06-20,2016-08-26,C22C 9/00
352/KOL/2015 A,2015-03-30,2017-10-20,G06F 17/50
230/KOL/2015 A,2015-03-03,2017-12-08,C23C 10/32
201631008331 A,2016-03-10,2017-11-10,B01J 20/04
626/KOL/2015 A,2015-06-02,2017-10-20,C21D 9/46
201631010030 A,2016-03-22,2017-11-10,C10L 9/02
1157/KOL/2015 A,2015-11-16,2017-10-13,C22C 38/18
324/KOL/2015 A,2015-09-25,2017-12-08,B21B 13/00
622/KOL/2015 A,2015-06-02,2017-10-20,F16G 11/04
201631005327 A,2016-02-16,2017-11-10,G05B 15/02
201631003382 A,2016-01-30,2017-11-10,C22B 1/20
201747003812 A,2017-02-02,2017-06-02,"C22C 38/04, C22C 38/38, C21D 9/46"
321/KOL/2015 A,2015-03-25,2017-10-13,C21D 8/02
201631040570 A,2016-11-28,2018-06-01,"C21C 5/00, F22B 1/00, F27D 3/00"
201731007678 A,2017-03-04,2018-09-07,"B02C 23/00, B02C 23/08"
201731009248 A,2017-03-17,2018-09-21,G01N 33/00
201631032049 A,2016-09-20,2018-03-23,C23C 22/00
201731007076 A,2017-02-28,2018-08-31,"C22B 34/00, C21B 3/00"
201631023212 A,2016-07-06,2018-01-12,B22D 11/00
201631044755 A,2016-12-29,2018-07-06,"G01J 3/00, G01N 21/00, G06T 7/00"
201731011811 A,2017-03-31,2018-10-05,B05B 3/00
201731009126 A,2017-03-16,2018-09-21,"C21D 8/04, C22C 38/12"
201731006998 A,2017-02-28,2018-08-31,"C22C 38/00, B23K 35/00, C22C 14/00"
201847009099 A,2018-03-13,2018-03-23,C23C 14/02
201731011102 A,2017-03-29,2018-10-05,C22C 38/04
201731010795 A,2017-03-27,2018-09-28,F27B 9/08
201631034314 A,2016-10-06,2018-04-13,"F16H 55/00, B21B 45/00, B21C 47/00"
201631037831 A,2016-11-05,2018-05-11,"H02J 3/00, G06F 1/00, H05B 37/00"
201621041721 A,2016-12-06,2018-06-08,"C25D 5/48, C01B 31/04, B82Y 40/00"
201631023212 A,2016-07-06,2018-01-12,B22D 11/00
201731039246 A,2017-11-03,2019-05-10,C22C 38/00
201731009536 A,2017-03-20,2019-03-29,B21B 1/20
201831006426 A,2018-02-20,2019-08-23,B23K 26/08
201731033168 A,2017-09-19,2019-03-22,G01N 29/11
201831005835 A,2018-02-15,2019-08-23,B22D 11/00
1336/KOL/2014 A,2014-12-22,2019-02-22,"C08G 18/50, ???:[F]"
201731009134 A,2017-03-16,2019-03-29,C04B 5/06
201947005245 A,2019-02-11,2019-03-01,"B21C 37/08, C21D 8/10, C21D 9/08"
201831009292 A,2018-03-14,2019-09-20,"C02F 3/28, C02F 3/30"
201947005847 A,2019-02-14,2019-03-15,"C23C 2/06, C23C 2/16, C23C 2/20"
201831006649 A,2018-02-21,2019-08-23,G01F 23/00
201831011203 A,2018-03-27,2019-10-04,C02F 1/28
201731046711 A,2017-12-26,2019-06-28,C22C 33/00
201731039160 A,2017-11-02,2019-05-03,B22F 9/22
348/KOL/2007 A,2007-03-12,2008-10-03,B21B 31/00
872/KOL/2006 A,2006-08-28,2008-03-14,C21D 8/02
80/KOL/2007 A,2007-01-22,2008-08-29,C21C 5/52
00399/KOL/2006 A,2006-05-02,2008-05-16,C21D 1/00
1208/KOL/2006 A,2006-11-13,2008-12-05,B26D 7/26
664/KOL/2007 A,2007-04-30,2008-11-07,C22C 38/04
1055/KOL/2007 A,2007-07-30,2009-04-03,"B21D 22/22, B21D 22/02, B21D 22/20"
1097/KOL/2007 A,2007-08-07,2009-04-10,"C01B 13/00, C01B 21/00, B22F 9/00"
00248/KOL/2006 A,2006-03-23,2009-04-10,B21B 1/00
497/KOL/2006 A,2006-05-25,2009-04-10,A62C 31/28
632/KOL/2006 A,2006-06-27,2009-04-10,G08B 13/14
624/KOL/2007 A,2007-04-23,2009-06-19,C22C 38/02
1049/KOL/2007 A,2007-07-27,2009-04-03,C02F 1/50
206/KOL/2008 A,2008-02-05,2009-08-07,C21D 8/12
242/KOL/2006 A,2006-03-22,2009-06-19,H01B 1/02
379/KOL/2006 A,2006-04-26,2009-06-19,"C21C 8/00, C22C 38/00"
1476/KOL/2007 A,2007-10-29,2009-06-05,"C09D 1/00, C09D 5/18, C09D 1/00"
516/KOL/2006 A,2006-05-31,2009-06-19,C21C 5/32
517/KOL/2006 A,2006-05-31,2009-06-19,B08B 3/00
874/KOL/2006 A,2006-08-29,2009-04-10,B23P 15/00
1550/KOL/2008 A,2008-09-08,2010-03-12,"C01F 7/26, C23G 1/02, C01F 7/00"
1980/KOL/2008 A,2008-11-07,2010-05-14,"B23K 35/22, B23K 35/38"
212/KOL/2009 A,2009-02-06,2010-08-13,C08J 5/12
1336/KOL/2008 A,2008-08-06,2010-02-12,C10L 5/06
1142/KOL/2008 A,2008-08-30,2010-03-05,C01G 9/06
1286/KOL/2008 A,2008-07-29,2010-02-05,C22C 38/28
144/KOL/2009 A,2009-01-27,2010-07-30,G01C 19/64
969/KOL/2009 A,2009-07-14,2011-06-10,B01D 24/00
493/KOL/2009 A,2009-03-19,2011-01-21,C21B 5/00
737/CHENP/2011 A,2011-02-02,2011-12-02,B05D 7/14
236/KOL/2011 A,2011-02-23,2012-11-02,C21D 9/00
682/KOL/2011 A,2011-05-18,2012-11-23,F16G 13
767/KOL/2009 A,2009-05-19,2012-05-11,C04B 7/60
114/KOL/2011 A,2011-01-28,2012-10-19,C09D 5/08
166/KOL/2011 A,2011-02-07,2012-10-26,H04N 1/00
1367/KOL/2009 A,2009-11-18,2012-10-19,C22B 1/14
1659/KOL/2008 A,2008-09-25,2012-12-07,C10M 173/00
1481/CHENP/2012 A,2012-02-16,2013-03-29,H01B 1/24
251/KOL/2012 A,2012-03-09,2013-09-13,B22D 11/05
5453/CHENP/2012 A,2012-06-22,2014-02-14,B21B 1/085
947/KOL/2005 A,2005-10-18,2009-03-13,
5106/CHENP/2011 A,2011-07-15,2014-12-26,C21D 1/673
804/KOL/2007 A,2007-05-24,2009-04-03,C23C 2/24
865/KOL/2007 A,2007-06-11,2009-06-19,C22C 38/08
1179/KOL/2012 A,2012-10-11,2014-04-18,C01B 31/18
1394/KOL/2012 A,2012-12-07,2014-06-13,C22B
27/KOL/2013 A,2013-01-08,2014-07-11,C22C 38/14
7970/CHENP/2013 A,2013-10-01,2014-08-29,"C23C 2/00, C23C 2/14, C23C 2/16"
589/KOL/2013 A,2013-05-23,2014-11-28,C09D 5/00
653/KOL/2008 A,2008-03-31,2009-10-09,C21D 8/00
1324/KOL/2012 A,2012-11-19,2014-05-23,H01L 31/042
1074/KOL/2013 A,2013-09-17,2015-03-20,H01L 21/00
1454/KOL/2013 A,2013-12-26,2015-07-10,B02C 19/00
787/KOL/2009 A,2009-06-22,2015-07-24,C04B 35/48
843/KOL/2011 A,2011-06-24,2015-03-27,C21B 7/24
409/KOL/2014 A,2014-03-28,2015-10-02,G06K 9/00
1831/KOL/2008 A,2008-10-27,2015-07-24,C21D 8/00
203/KOL/2014 A,2014-02-18,2015-08-21,C22C 38/00
880/KOL/2013 A,2013-07-23,2015-01-30,C22B 1/00
2603/CHENP/2014 A,2014-04-05,2015-08-07,"C22C 38/04, C22C 38/06, C21D 8/02"
483/KOL/2014 A,2014-04-23,2015-10-30,B26D 1/06
130/KOL/2010 A,2010-02-11,2015-07-24,C01C 1/24
854/KOL/2014 A,2014-08-19,2016-02-26,H04N 5/33
2035/CHENP/2015 A,2015-04-09,2016-07-01,"C22C 38/06, C22C 38/14"
1458/KOL/2010 A,2010-12-27,2016-09-02,B21B 45/02
1366/KOL/2014 A,2014-12-31,2016-08-26,B22D 11/124
787/KOL/2014 A,2014-07-22,2016-01-29,G01R 31/08
176/KOL/2015 A,2015-02-13,2016-08-19,H02K 1/27
941/KOL/2014 A,2014-09-16,2016-03-25,B21D 37/01
763/KOL/2011 A,2011-06-06,2016-08-05,B01D 21/26
364/CHENP/2015 A,2015-01-19,2016-07-01,"H01L 51/00, H01L 51/42"
1071/CHENP/2015 A,2015-02-24,2016-07-01,"C21D 8/04, C22C 38/04, C22C 38/06"
540/KOL/2010 A,2010-05-17,2016-09-02,G01N 3/00
7863/CHENP/2014 A,2014-10-27,2016-07-01,"C21D 8/02, C21D 8/04, C25D 5/50"
1579/KOL/2011 A,2011-12-22,2016-08-05,H02K 5/24
201647024196 A,2016-07-15,2016-08-31,"C09D 5/08, B05D 7/00, C01B 31/04"
201647024072 A,2016-07-14,2016-08-31,"C21B 13/00, C21C 5/56"
816/KOL/2010 A,2010-07-26,2016-09-02,C22B 1/02
5400/CHENP/2015 A,2015-09-07,2016-07-01,"C21D 8/02, C22C 38/00"
570/KOL/2012 A,2012-11-18,2016-08-26,G01N 15/00
1030/CHENP/2015 A,2015-02-23,2016-07-01,"C22C 38/00, C22C 38/02, C22C 38/04"
915/KOL/2012 A,2012-08-13,2016-08-26,"E01C 23/00, C22C 38/00"
7862/CHENP/2014 A,2014-10-27,2016-07-01,"C21D 8/02, C21D 8/04, C25D 5/50"
3533/CHENP/2015 A,2015-06-17,2016-07-01,"C25D 3/06, C25D 5/48, C25D 7/06"
572/KOL/2014 A,2014-05-23,2016-08-26,C22B 34/00
102/CHENP/2013 A,2013-01-04,2016-05-13,"C21D 1/70, C21D 6/00, C21D 8/04"
1061/KOL/2014 A,2014-10-17,2016-08-26,C07H 19/10
261/KOL/2014 A,2014-03-04,2016-08-26,B03B 9/00
8082/CHENP/2014 A,2014-11-05,2016-07-01,"C21D 9/46, C22C 38/00, C22C 38/04"
762/KOL/2011 A,2011-06-06,2016-07-29,C21B 3/04
82/CHENP/2013 A,2013-01-03,2016-05-13,"C21D 1/18, C21D 6/00, C22C 38/00"
201631010444 A,2016-03-28,2017-11-10,G01N 33/10
201631010979 A,2016-03-30,2017-11-10,G01N 33/22
201631004356 A,2016-02-08,2017-11-10,B32B 15/00
201631009989 A,2016-03-22,2017-11-10,C21B 3/04
257/KOL/2015 A,2015-03-10,2017-10-20,C10L 5/14
201631010473 A,2016-03-28,2017-11-10,C22B 1/14
201631009992 A,2016-03-22,2017-11-10,B27K 3/08
201631010236 A,2016-03-23,2017-11-10,B21D 35/00
290/KOL/2015 A,2015-03-18,2017-10-20,C04B 35/66
201747000584 A,2017-01-06,2017-05-26,"C23C 14/24, F16K 25/00"
201747025002 A,2017-07-14,2017-07-21,C23C 14/24
201631010298 A,2016-03-24,2017-11-10,G10K 11/22
201631011120 A,2016-03-30,2017-11-10,C22C 38/38
201631009627 A,2016-03-19,2017-11-10,C22C 38/00
201631008680 A,2016-03-12,2017-11-10,C04B 35/00
1040/KOL/2015 A,2015-10-01,2017-10-13,C21C 7/06
201847014662 A,2018-04-18,2018-04-27,C21D 9/00
201731020640 A,2017-06-13,2018-12-14,C23C 18/32
201631032052 A,2016-09-20,2018-03-23,C09D 5/00
201847044554 A,2018-11-27,2018-12-14,"C23C 14/24, H02K 44/00"
201731009246 A,2017-03-17,2018-09-21,C10L 9/00
201631040350 A,2016-11-25,2018-06-01,"C22B 1/00, C21B 5/00, C22B 7/00"
201731010785 A,2017-03-27,2018-09-28,"C22C 38/00, G11B 5/00"
201631039349 A,2016-11-18,2018-05-25,"C22B 1/00, C22B 34/00, C21C 7/00"
201731011478 A,2017-03-30,2018-10-05,G02B 26/00
201731000170 A,2017-01-03,2018-07-06,C08L 1/00
201731004683 A,2017-02-09,2018-08-10,"C10B 57/00, C21B 13/00, C10B 39/00"
201631027980 A,2016-08-17,2018-02-23,C22B 1/00
201847036425 A,2018-09-27,2018-10-05,"C22C 38/00, C21D 8/02, C23C 2/02"
201847002801 A,2018-01-24,2018-02-16,"C23C 2/02, ???:[(2006.01)]"
201731009563 A,2017-03-20,2018-09-28,C03C 17/32
201847041096 A,2018-10-31,2018-11-16,"B32B 15/08, B32B 37/20, B32B 37/15"
201631033461 A,2016-09-30,2018-04-06,C23C 22/62
201731035956 A,2017-10-10,2019-04-12,C10B 53/08
201947037974 A,2019-09-20,2019-09-27,"C23C 2/12, C23C 2/28, C23C 2/40"
201831020116 A,2018-05-29,2019-12-06,G08B 29180
201731043894 A,2017-12-07,2019-06-14,"B03B 9/00, B03B 5/30"
201831020450 A,2018-05-31,2019-12-06,F16D 66020
201831010570 A,2018-03-22,2019-09-27,C04B 35/00
201831004998 A,2018-02-09,2019-08-16,C09K 11/00
201831010537 A,2018-03-22,2019-09-27,C22C 22/00
201831001147 A,2018-01-10,2019-07-12,C22C 38/00
201731038634 A,2017-10-31,2019-05-03,C08L 2201/00
201831011222 A,2018-03-27,2019-10-04,D04H 1/00
201831007169 A,2018-02-26,2019-08-30,"C04B 14/04, C04B 22/06, C04B 22/14"
201731035648 A,2017-10-07,2019-04-12,C22B 1/00
201731041768 A,2017-11-22,2019-05-24,C25D 9/10
201831011864 A,2018-03-29,2019-10-04,"C21D 9/08, C22C 38/06"
201731042687 A,2017-11-28,2019-05-31,C02F 1/44
201831006743 A,2018-02-22,2019-02-08,"C21D 1/42, C21D 9/46"
201731030492 A,2017-08-29,2019-03-01,"B22F 1/00, C22B 1/00"
201831008232 A,2018-03-06,2019-09-13,B08B 3/00
201831011026 A,2018-03-26,2019-09-27,"C09D 1/00, C09D 7/12"
201731043030 A,2017-11-30,2019-05-31,C02F 1/20
201947024928 A,2019-06-24,2019-07-05,C21D 1/19
00336/KOL/2005 A,2005-04-20,2008-02-22,C10B 45/00
690/KOL/2007 A,2007-05-04,2008-11-14,"C21D 1/19, C21D 8/02, C22C 38/00"
154/KOL/2007 A,2007-02-02,2008-08-15,"C01G 37/02, C01G 37/033"
498/KOL/2007 A,2007-03-28,2008-10-10,B21B 45/02
374/KOL/2007 A,2007-03-13,2008-10-03,G01N 23/22
304/KOL/2007 A,2007-03-01,2008-10-03,G03G 5/04
00398/KOL/2006 A,2006-05-02,2008-05-16,C21D 1/00
305/KOL/2007 A,2007-03-01,2008-10-03,C21B 3/00
1235/KOL/2007 A,2007-09-03,2009-04-03,C22C 38/00
00171/KOL/2005 A,2005-03-16,2009-03-13,G06F 19/00
667/KOL/2006 A,2006-07-04,2009-06-19,C02F 1/62
365/KOL/2006 A,2006-04-21,2009-04-10,"B22D 11/055, B22D 011/124"
631/KOL/2006 A,2006-06-27,2009-04-10,"F16C 25/00, F16C 41/00"
151/KOL/2008 A,2008-01-25,2009-07-31,"B03D 1/00, B03D 1/00"
764/KOL/2008 A,2008-04-23,2009-10-30,C22C 38/00
880/KOL/2007 A,2007-06-18,2009-04-03,B22D 11/04
1100/KOL/2007 A,2007-08-08,2009-07-03,"G01R 27/04, G01R 27/32"
1591/KOL/2007 A,2007-11-23,2009-06-05,C21D
292/KOL/2009 A,2009-02-16,2010-08-20,C21D 6/00
291/KOL/2009 A,2009-02-16,2010-08-20,F16L 5/00
1179/KOL/2008 A,2008-07-08,2010-01-15,B65D 83/14
2051/KOL/2008 A,2008-11-25,2010-05-28,C01C 1/26
1645/KOL/2008 A,2008-09-24,2010-03-26,"F02D 29/06, B60K 6/46, B60P 1/16, B60W 10/30"
1683/KOL/2008 A,2008-09-29,2010-04-02,"C22C 38/60, C22C 38/04, C22C 47"
921/KOL/2009 A,2009-06-29,2011-09-30,G01D 11/00
934/KOL/2009 A,2009-07-01,2011-06-10,F04D 27/00
316/KOL/2011 A,2011-03-10,2012-11-02,B23K 9
772/KOL/2011 A,2011-06-07,2012-12-14,B23K 11
152/KOL/2011 A,2011-02-03,2012-08-03,B65H 75/14
1218/KOL/2009 A,2009-10-01,2012-10-19,G01N 1/28
623/KOL/2010 A,2010-06-09,2012-11-09,C21D 6/00
395/KOL/2010 A,2010-04-07,2012-11-09,H01L 31/052
1284/KOL/2009 A,2009-10-27,2012-10-19,G01L 1/22
210/KOL/2011 A,2011-02-18,2012-10-26,A47L 15/08
940/KOL/2009 A,2009-07-02,2012-11-02,C21B 13/00
230/KOL/2011 A,2011-02-23,2012-11-02,A61K 31/122
1102/KOL/2010 A,2010-09-30,2012-10-19,B21D 1/02
168/KOL/2010 A,2010-02-23,2012-10-26,C21C 5/28
1070/KOL/2009 A,2009-08-17,2012-10-12,B22B 11/12
683/KOL/2011 A,2011-05-18,2012-11-23,F25B 1/04
1549/CHENP/2012 A,2012-02-20,2012-10-26,H01G 9/20
1178/KOLNP/2013 A,2013-04-23,2013-09-13,"C08G 73/10, C09D 179/08, H01L 31/0216"
436/CHENP/2012 A,2012-01-12,2013-04-12,C01B 31/02
347/KOL/2012 A,2012-03-28,2013-10-11,B22F 1/00
675/KOL/2012 A,2012-06-18,2013-12-20,C22B
676/KOL/2012 A,2012-06-18,2013-12-20,C01G
901/KOL/2011 A,2011-07-05,2013-01-11,C10L 9/02
268/KOL/2012 A,2012-03-12,2013-09-13,"B32B 0, B32B 15/00"
558/KOL/2009 A,2009-03-30,2013-07-12,G01Q 20/04
1270/KOL/2012 A,2012-11-05,2014-05-09,C10B 39/02
239/KOL/2013 A,2013-02-28,2014-08-29,C04B
223/KOL/2013 A,2013-02-26,2014-09-05,H01J 61/00
916/KOL/2012 A,2013-02-13,2014-08-15,H01L 31/00
7964/CHENP/2013 A,2013-10-01,2014-08-08,C23C 2/00
243/KOL/2013 A,2013-03-01,2014-09-05,G01N 1/28
310/KOL/2013 A,2013-03-18,2014-09-26,C21D
1467/CHENP/2014 A,2014-02-24,2014-10-10,"C21C 1/02, C21C 7/00, C21C 7/064"
6375/CHENP/2012 A,2012-07-19,2014-03-21,"B32B 15/01, C22C 38/00, C22C 38/02"
60/KOL/2013 A,2013-01-17,2014-07-18,C10B
839/CHENP/2014 A,2014-02-03,2014-10-10,"C22C 38/04, C22C 38/06, C22C 38/12"
9240/CHENP/2013 A,2013-11-19,2014-09-12,"C21C 7/076, C21C 7/06, C21C 7/00"
189/CHENP/2013 A,2013-01-08,2014-06-27,"C08G 73/10, C09D 179/08, B05D 3/02"
4/KOL/2013 A,2013-01-03,2014-07-04,F26B 13/00
1449/KOL/2008 A,2008-08-25,2015-03-27,C22C 38/00
1158/KOL/2010 A,2010-10-19,2015-07-24,B22D 7/00
1320/KOL/2013 A,2013-11-22,2015-05-29,C22B 1/00
1370/KOL/2013 A,2013-12-04,2015-06-05,C21D 8/00
278/KOL/2013 A,2013-09-12,2015-03-20,C23C 14/00
954/KOL/2013 A,2013-08-14,2015-02-20,C22C 33/00
460/KOL/2009 A,2009-03-16,2015-08-07,G01N 5/04
1246/KOL/2013 A,2013-10-31,2015-05-08,C22B 1/00
606/KOL/2014 A,2014-06-03,2015-12-04,B22F 1/00
132/KOL/2014 A,2014-01-31,2015-08-07,C22B 34/00
956/KOL/2013 A,2013-08-16,2015-02-20,C22C 38/00
1046/KOL/2013 A,2013-09-10,2015-03-13,E04C 5/00
60/KOL/2014 A,2014-01-15,2015-07-17,C02F 1/00
1308/KOL/2013 A,2013-11-18,2015-05-22,C21D 9/00
114/KOL/2010 A,2010-02-08,2015-07-24,"B32B 15/01, C21D 9/00"
514/KOL/2014 A,2014-05-05,2015-11-06,B21B 1/28
1408/KOL/2013 A,2013-12-13,2015-07-10,C22C 38/00
28/KOL/2014 A,2014-01-07,2015-07-10,C22B 1/00
1450/KOL/2013 A,2013-12-24,2015-07-10,C10L 9/00
1509/KOL/2011 A,2011-11-28,2016-08-26,E01C 5/22
283/KOL/2014 A,2014-03-11,2016-08-26,C21B 13/00
2034/CHENP/2015 A,2015-04-09,2016-07-01,C22C 38/14
256/KOL/2014 A,2014-03-03,2016-08-26,C10M 173/00
601/KOL/2012 A,2012-05-25,2016-08-26,C01C
201647019902 A,2016-06-10,2016-08-31,"C23C 8/12, C23C 22/63, C23C 18/16"
287/KOL/2012 A,2012-03-14,2016-08-26,C22C 33/00
235/KOL/2011 A,2011-02-23,2016-09-02,C02F 1/52
3411/CHENP/2013 A,2013-05-01,2016-06-03,"C25D 5/50, C21D 8/04"
8/KOL/2012 A,2012-01-03,2016-08-26,B01J 8/20
201647001210 A,2016-01-13,2016-08-05,"C25D 3/06, C25D 5/12, C25D 9/08"
520/KOL/2010 A,2010-05-10,2016-09-02,B01D 50/00
7866/CHENP/2014 A,2014-10-27,2016-07-01,C23C 14/24
201647023748 A,2016-07-12,2016-08-31,"C23C 14/16, C25D 3/56, C23C 28/02"
1287/KOL/2014 A,2014-12-11,2016-06-17,C09D 1/00
1185/KOL/2010 A,2010-10-26,2016-09-02,C08L 83/04
725/KOL/2010 A,2010-07-02,2016-09-02,B01D 63/00
4099/CHE/2011 A,2011-11-28,2016-08-31,C23C
300/KOL/2012 A,2012-03-16,2016-03-18,"B32B 0, B32B 15/, ???:[/00]"
744/KOL/2014 A,2014-07-09,2016-01-15,C04B 28/14
343/KOL/2015 A,2015-03-27,2016-09-30,B21F 1/00
726/KOL/2010 A,2010-07-02,2016-09-02,C22C 38/00
233/KOL/2015 A,2015-03-04,2016-09-09,B01D 71/06
532/KOL/2010 A,2010-05-14,2016-09-02,C12Q 1/68
201631004825 A,2016-02-11,2017-11-10,H01S 3/10
201631010714 A,2016-03-29,2017-11-10,G01C 21/10
201747009777 A,2017-03-21,2017-04-07,"C22C 38/04, C22C 38/12, C22C 38/14"
306/KOL/2015 A,2015-03-23,2017-10-13,B21B 37/00
201631009827 A,2016-03-21,2017-11-10,C10C 1/00
310/KOL/2015 A,2015-03-23,2017-10-13,C22B 1/16
201631009920 A,2016-03-22,2017-11-10,B28B 11/24
993/KOL/2015 A,2015-09-16,2017-11-10,C21D 9/46
201631009758 A,2016-03-21,2017-11-10,C21D 8/02
201631004530 A,2016-02-09,2017-11-10,F24C 3/00
201747024999 A,2017-07-14,2017-07-21,"C01B 31/04, B82Y 30/00, B82Y 40/00"
201731010061 A,2017-03-22,2018-09-28,"C21D 1/28, C21D 8/02, C22C 38/04"
201731011793 A,2017-03-31,2018-10-05,B21C 47/00
201731010770 A,2017-03-27,2018-09-28,"C03B 5/005, C03B 5/027, ???:[C0], ???:[B5/235]"
201731010393 A,2017-03-24,2018-09-28,"B02C 17/20, B02C 17/16, B02C 17/18"
201847044666 A,2018-11-27,2018-12-14,"C23C 14/24, H02K 44/00"
201721021005 A,2017-06-15,2018-12-21,G06F 12/00
201831011372 A,2018-03-27,2019-10-04,"C10B 49/02, C10B 53/08"
201831004829 A,2018-02-08,2019-08-09,C21B 7/00
201831003850 A,2018-02-01,2019-08-02,"F24D 19/10, F24D 3/08, F24D 3/18"
201831010343 A,2018-03-21,2019-09-27,A61K 6/00
201831005831 A,2018-02-15,2019-08-23,C21B 15/00
201733044715 A,2017-12-13,2019-06-14,C04B 28/00
201831010651 A,2018-03-22,2019-09-27,E21B 10/00
201831007497 A,2018-02-28,2019-08-30,"C21B 5/00, C21B 7/00"
201731037597 A,2017-10-24,2019-04-26,C21B 3/04
201831012322 A,2018-03-31,2019-10-04,"B22D 11/045, B22D 11/047"
201731035955 A,2017-10-10,2019-04-12,C10B 53/08
201831004059 A,2018-02-02,2019-08-09,C21B 7/16
201947015178 A,2019-04-16,2019-05-17,"C21D 9/46, C21D 8/02, C22C 38/12"
201831010328 A,2018-03-21,2019-09-27,"C21B 5/00, C21B 7/24"
201731043929 A,2017-12-07,2019-06-14,B23K 9/00
201731045154 A,2017-12-15,2019-06-21,F02D 1/00
201831019387 A,2018-05-23,2019-11-29,C04B 35626
201831010054 A,2018-03-19,2019-09-20,"B22D 17/20, C21D 6/00, C22C 38/02"
368/KOL/2007 A,2007-03-13,2008-10-03,G01B 5/08
835/KOL/2007 A,2007-05-30,2008-12-05,???:[C21]
184/KOL/2007 A,2007-02-06,2008-08-22,C21C 1/00
6/KOL/2007 A,2007-01-02,2008-07-18,H01H 1/22
291/KOL/2007 A,2007-02-27,2008-09-05,C21D 9/00
610/KOL/2008 A,2008-03-26,2009-10-02,"C23C 2/00, C22F 1/00"
943/KOL/2007 A,2007-06-29,2009-07-03,B01D 39/12
665/KOL/2007 A,2007-04-30,2009-06-19,B65G 67/00
00947/KOL/2005 A,2005-10-18,2009-03-13,"B60L 13/03, ???:[:H02K] 41/03"
818/KOL/2008 A,2008-05-06,2009-11-13,C01G 49/00
339/KOL/2005 A,2005-04-21,2009-10-16,C22B 23/00
707/CAL/2001 A,2001-12-21,2009-11-13,B25J 5/00
1087/KOL/2007 A,2007-08-06,2009-04-10,"C21C 5/32, C21C 5/46"
948/KOL/2007 A,2007-07-02,2009-04-03,C23F 13/00
1271/KOL/2006 A,2006-11-24,2009-04-10,F23C 10/10
1088/KOL/2007 A,2007-08-06,2009-04-10,"C10L 5/00, C10G 1/00"
1012/KOL/2007 A,2007-07-17,2009-04-03,"B01J 8/32, B01J 8/24"
21/KOL/2008 A,2008-01-02,2009-07-03,"B05D 7/14, C21D 1/19"
1322/KOL/2007 A,2007-09-24,2009-04-10,B23K 20/12
1214/KOL/2008 A,2008-07-16,2010-01-22,B65G 69/18
1328/KOL/2008 A,2008-08-05,2010-02-12,C07F 11/00
102/KOL/2009 A,2009-01-19,2010-07-23,B23K 11/25
1518/KOL/2008 A,2008-09-03,2010-03-12,"C10G 1/00, C10L 9/02, C10G 1/00"
1685/KOL/2008 A,2008-09-29,2010-04-02,"C22C 33/00, C22C 33/00, C21C 5/52"
221/KOL/2009 A,2009-02-09,2010-08-13,G01N 33/00
1684/KOL/2008 A,2008-09-29,2010-04-02,"G05D 7/06, G05D 7/06"
1479/KOL/2008 A,2008-08-28,2010-03-05,"G01N 33/53, G01N 1/28, G01N 33/543"
1044/KOL/2009 A,2009-08-07,2011-07-22,C03B 23/00
885/KOL/2009 A,2009-06-19,2011-09-30,C21B 13/00
950/KOL/2009 A,2009-07-07,2011-01-14,C10L 9/00
951/KOL/2009 A,2009-07-07,2011-01-14,"G05B 19/418, G08B 21/00"
502/KOL/2009 A,2009-03-20,2011-01-21,F27D 7/00
514/KOL/2009 A,2009-03-23,2011-01-21,C21D 8/00
1039/KOL/2009 A,2009-08-05,2011-07-22,A61M 16/00
333/KOL/2011 A,2011-03-14,2012-11-02,C21D 9/00
645/KOL/2010 A,2010-06-16,2012-11-16,C01F 7/06
681/KOL/2011 A,2011-05-18,2012-11-23,F16G 13
1378/KOL/2009 A,2009-11-23,2012-10-19,G01N 27/90
7337/CHENP/2011 A,2011-10-11,2012-12-14,E01B 31/13
95/KOL/2011 A,2011-01-24,2012-11-16,C21D 9/663
1322/KOL/2009 A,2009-11-09,2012-10-19,C23C 2/06
226/KOL/2011 A,2011-02-23,2012-11-02,C21D 9/00
332/KOL/2011 A,2011-03-14,2012-11-02,C04B 26
825/KOL/2010 A,2010-07-27,2012-11-16,C22C 38/00
831/KOL/2011 A,2011-06-22,2012-12-28,B05D 5
741/KOL/2011 A,2011-05-31,2012-12-07,C03C 17/36
2794/CHENP/2011 A,2011-04-26,2012-08-24,H01G 9/20
384/KOL/2012 A,2012-04-02,2013-10-11,C21B
356/KOL/2012 A,2012-03-29,2013-10-11,C22C 38/38
233/KOL/2012 A,2012-03-06,2013-09-06,G01N 27/90
8152/CHENP/2011 A,2011-11-08,2013-02-15,H01G 9/20
285/KOL/2012 A,2012-03-14,2013-09-20,A61N 1/30
69/KOL/2012 A,2012-01-24,2013-07-26,G01F 23/00
555/KOL/2009 A,2009-03-30,2013-07-12,B21B 1/46
1479/KOL/2011 A,2011-11-21,2013-05-24,C22B 1/16
523/KOL/2012 A,2012-05-10,2013-11-15,G01J
633/KOL/2010 A,2010-06-11,2013-08-16,C21D 8/02
286/KOL/2012 A,2012-03-14,2013-09-20,C22C 38/28
346/KOL/2012 A,2012-03-28,2013-10-11,C01G 37/14
284/KOL/2012 A,2012-03-14,2013-09-20,C10L 1/32
454/KOL/2013 A,2013-04-23,2014-10-31,C22B 1/00
8323/CHENP/2013 A,2013-10-15,2014-11-07,"B22D 11/00, B22D 2/00, G01N 33/20"
44/KOL/2013 A,2013-01-14,2014-07-18,G05B
732/KOL/2013 A,2013-06-20,2014-12-26,C08K 5/00
321/KOL/2013 A,2013-03-20,2014-09-26,"B01D 53/78, B01D 53/14, B64D 13/00, B01D 53"
166/KOL/2013 A,2013-02-11,2014-08-15,F16J 15/00
1161/KOL/2005 A,2005-12-19,2008-02-22,G01N 27/30
1415/KOL/2012 A,2012-12-14,2014-06-20,C23F
878/KOL/2013 A,2013-07-23,2015-01-30,C22B 34/00
654/KOL/2009 A,2009-04-23,2015-08-14,C22C 38/04
4062/CHENP/2014 A,2014-05-30,2015-09-04,"C21D 8/12, H01F 1/147, C23C 22/74"
652/KOL/2010 A,2010-06-17,2015-07-24,C10B 57/04
1459/KOL/2013 A,2013-12-27,2015-07-10,"B03D 1/14, B03D 1/02"
213/CAL/2002 A,2002-04-12,2015-07-24,G11B 7/00
123/KOL/2010 A,2010-02-10,2015-04-24,B65G 67/60
655/KOL/2009 A,2009-04-23,2015-08-14,B23K 11/10
279/KOL/2014 A,2014-03-11,2015-09-25,C21D 8/00
1361/KOL/2013 A,2013-12-02,2015-06-05,B03D
1249/KOL/2013 A,2013-10-31,2015-05-08,G01M 3/00
1581/KOL/2008 A,2008-09-12,2015-03-27,C10B 53/04
528/KOL/2014 A,2014-05-09,2015-11-13,F27B 5/04
171/KOL/2010 A,2010-02-23,2015-07-24,C10M 105/14
672/KOL/2009 A,2009-04-27,2015-07-24,C21C 5/28
1124/KOL/2013 A,2013-09-30,2015-04-03,B32B 15/00
22/KOL/2014 A,2014-01-06,2015-07-10,B01D 53/00
185/KOL/2010 A,2010-02-25,2015-07-24,"G05B 15/02, G05F 1/66"
527/KOL/2010 A,2010-05-13,2016-09-02,C21D 8/02
8087/CHENP/2014 A,2014-11-05,2016-07-01,"B32B 15/08, B32B 15/18, B32B 15/04"
9144/CHENP/2012 A,2012-10-26,2016-04-29,H01L 35/30
12/KOL/2012 A,2012-01-04,2016-08-26,G01B 21/02
1280/KOL/2010 A,2010-11-12,2016-09-02,F28F 1/20
1581/CHE/2015 A,2015-03-27,2016-09-30,B60P
365/KOL/2014 A,2014-03-21,2016-08-26,C22B 1/00
937/KOL/2012 A,2012-08-16,2016-08-26,C21B 13/00
524/KOL/2012 A,2012-05-10,2016-08-26,C02F 1/00
3105/CHE/2012 A,2012-07-30,2016-04-15,G01J
711/KOL/2014 A,2014-06-30,2016-01-01,A47G 7/00
281/KOL/2011 A,2011-03-04,2016-09-02,B01D 17/00
668/KOL/2009 A,2009-04-27,2016-09-02,"C09D 133/04, C09D 175/04, C09D 7/12"
298/KOL/2012 A,2012-03-16,2016-08-26,B22D 11/06
780/KOL/2010 A,2010-07-19,2016-09-02,B41N 3/00
201647043124 A,2016-12-17,2016-12-30,"C25D 7/06, C25D 9/10, C25D 9/08"
1014/CHENP/2014 A,2014-02-07,2016-07-01,C21D 9/60
70/KOL/2015 A,2015-01-20,2016-08-26,C21B 5/00
356/KOL/2014 A,2014-03-20,2016-08-26,C04B 7/00
1293/KOL/2006 A,2006-11-28,2016-07-15,B25J 9/16
601/KOL/2014 A,2014-12-02,2016-08-26,C21B 7/00
201647020540 A,2016-06-16,2016-08-31,"C01B 31/04, B82Y 30/00, B82Y 40/00"
1157/KOL/2014 A,2014-11-11,2016-08-26,B01D 19/00
1189/KOL/2011 A,2011-09-12,2016-08-26,B21B 1/46
1148/KOL/2014 A,2014-11-10,2016-08-26,C23C 2/00
1373/KOL/2014 A,2014-12-31,2016-08-26,C23F 11/14
201631004862 A,2016-02-11,2017-11-10,E04C 5/16
201631010540 A,2016-03-28,2017-11-10,C21B 5/00
201631000980 A,2016-01-11,2017-11-10,C21D 1/26
360/KOL/2015 A,2015-03-31,2017-12-08,C02F 1/00
201631009835 A,2016-03-21,2017-11-10,B03D
201631011399 A,2016-03-31,2017-11-10,B66C 1/54
201631008010 A,2016-03-08,2017-11-10,A61B 8/00
346/KOL/2015 A,2015-03-27,2017-10-20,C10B 57/04
201631008556 A,2016-03-11,2017-11-10,C22C 33/04
201631001383 A,2016-01-14,2017-11-10,C09D 1/00
336/KOL/2015 A,2015-03-26,2017-10-13,C22B 1/02
201631005504 A,2016-02-17,2017-11-10,C21D 8/06
201631008531 A,2016-03-11,2017-11-10,C08L 95/00
201747036061 A,2017-10-11,2017-10-20,"C23C 2/06, C23C 2/12, C22C 38/02"
201631008442 A,2016-03-10,2017-11-10,C21D 6/00
344/KOL/2015 A,2015-03-27,2017-12-08,C04B 18/14
201631007295 A,2016-03-02,2017-11-10,C07F 5/00
320/KOL/2015 A,2015-03-25,2017-10-13,C10G 75/00
1266/KOL/2015 A,2015-12-10,2017-11-17,B21B 43/00
1341/KOL/2015 A,2015-12-28,2017-12-01,C21D 9/46
924/KOL/2015 A,2015-08-28,2017-10-13,G01F 1/66
776/KOL/2015 A,2015-07-17,2017-12-08,B21B 3/00
1290/KOL/2015 A,2015-12-15,2017-11-17,C21D 6/00
201631007331 A,2016-03-02,2017-11-10,C23C 2/00
201631006174 A,2016-02-23,2017-11-10,C21D 8/02
201731009148 A,2017-03-16,2018-09-21,"B22F 9/00, C21B 15/00, C22B 1/08"
201731011126 A,2017-03-29,2018-10-05,C23C 22/53
201631034406 A,2016-10-07,2018-04-13,"B03D 1/00, B03D 3/00, B03B 9/00"
201731007012 A,2017-02-28,2018-08-31,"B23K 9/00, B29C 65/00, G01N 33/00"
201731008461 A,2017-03-10,2018-09-14,C21D 8/00
201731008485 A,2017-03-10,2018-09-14,"C23C 14/00, G01N 21/71, G01N 21/73"
201631042787 A,2016-12-15,2018-06-22,"H03K 17/00, G05B 11/00, G05B 19/00"
201631041606 A,2016-12-06,2018-06-08,"B22D 11/00, C21D 8/00"
201631038942 A,2016-11-15,2018-05-18,"B22D 11/00, G01N 29/00"
201731007011 A,2017-02-28,2018-08-31,"C21B 13/00, B03D 1/00, C22B 1/00, ???:[(3], ???:[)]"
201731010617 A,2017-03-25,2018-09-28,C22B 1/00
201631044988 A,2016-12-30,2018-07-06,"C02F 1/00, B01F 5/00"
201631042610 A,2016-12-14,2018-06-15,"C23C 2/00, C22C 38/00, C22C 18/00"
201731001785 A,2017-01-17,2018-07-20,"F16M 13/00, B62D 63/00"
201631035862 A,2016-10-20,2018-04-27,"C23C 2/00, C22B 1/00"
201731002858 A,2017-01-25,2018-07-27,"B01D 21/00, C02F 9/00, C02F 1/00"
201847026464 A,2018-07-16,2018-07-20,F27D 1/14
201731003570 A,2017-01-31,2018-08-03,"C10L 5/00, B30B 11/00, C21B 13/00"
201731007114 A,2017-02-28,2018-08-31,"C21D 1/00, C22C 38/00, C22C 37/00"
201731009361 A,2017-03-17,2018-09-21,C11B 3/00
201731008862 A,2017-03-15,2018-09-21,"C22B 1/08, C22B 34/32"
201831007390 A,2018-02-27,2019-08-30,C22B 1/00
201831007519 A,2018-02-28,2019-08-30,B82Y 40/00
201631000331 A,2016-01-05,2019-03-29,F02B 63/04
201827044360 A,2018-11-26,2019-12-20,F27D 01120
201831022964 A,2018-06-20,2019-12-27,B24B 37013
201831011265 A,2018-03-27,2019-10-04,F02P 17/00
201831004628 A,2018-02-07,2019-08-09,"C21B 5/06, C21B 7/00"
201831009097 A,2018-03-13,2019-09-20,B29C 47/00
201831010547 A,2018-03-22,2019-09-27,"C21D 8/02, C22C 38/02, C22C 38/04"
201831001101 A,2018-01-10,2019-07-12,"C10B 41/02, C10B 53/04, C10B 57/04"
201831011215 A,2018-03-27,2019-10-04,"B03D 1/016, C10L 1/22"
201831010044 A,2018-03-19,2019-09-20,C10B 15/00
201947019164 A,2019-05-14,2019-05-24,"C22C 38/00, B21B 1/00, B21B 1/22"
201831004462 A,2018-02-06,2019-08-09,"C10B 57/04, C10L 9/06"
